ticker,trades,win_rate,avg,median,sharpe
DNB,9.0,1.0,0.00011361129082479999,0.0001136112908248,7903599895571162.0
VIG,20.0,1.0,0.009028454724118302,0.0090284547241183,5072767658133461.0
SDZNY,2.0,1.0,0.0513355994837779,0.0513355994837779,25.658535893624624
CFRUY,2.0,1.0,0.069404820749636,0.069404820749636,18.429941843160115
QQQ,4.0,1.0,0.01393113704885325,0.0143623715661105,16.15262286685498
CRARY,2.0,1.0,0.03500466849485115,0.03500466849485115,15.188301849130712
VCISY,2.0,1.0,0.045162310439753495,0.045162310439753495,12.708946117820487
KIM,2.0,1.0,0.019971322840754202,0.019971322840754202,11.794676825773227
NRDBY,2.0,1.0,0.04283389809760315,0.04283389809760315,8.96179058290852
ULTA,2.0,1.0,0.03770407492913485,0.03770407492913485,7.988056130576302
FITB,2.0,1.0,0.022008053377330798,0.022008053377330798,7.83809394923411
TDG,3.0,1.0,0.027685867089359134,0.0299423828124999,7.083683332169075
LECO,4.0,1.0,0.0356781723942867,0.0356781723942867,4.059167618311173
D,2.0,1.0,0.00968764334508095,0.00968764334508095,3.6737522038179837
ECL,4.0,1.0,0.010210353516816475,0.00997094167445985,3.575023140560297
BITB,8.0,1.0,0.03619494870411777,0.0439034255664225,3.4021937624623577
SCGLY,2.0,1.0,0.0748294163895036,0.0748294163895036,3.0228854878831117
GSK,4.0,1.0,0.030485305905007275,0.0283258643378949,3.0038112187113946
CCL,4.0,1.0,0.09450245647546966,0.10151564823085985,2.925608210224205
CG,3.0,1.0,0.048534288201380366,0.0377732000855026,2.6039452568601305
AZN,5.0,1.0,0.017076694629920904,0.0121193319484264,2.5108707507438095
ES,2.0,1.0,0.0088466864239605,0.0088466864239605,2.487439919033126
SRE,2.0,1.0,0.0141578748736815,0.0141578748736815,2.4130867538070144
ADC,3.0,1.0,0.015071136489500333,0.0187058818547031,2.3939296525442297
HQY,3.0,1.0,0.023405506706423666,0.0176905476743828,2.3645271158921344
TTWO,2.0,1.0,0.0014499126309597,0.0014499126309597,2.1840441726869986
FERG,10.0,0.9,0.030975343303153945,0.0366917969733425,1.9765055882669986
RHHBY,3.0,1.0,0.019060700044394068,0.0201654393415794,1.8399187238886707
WDC,5.0,0.8,0.04869181150907756,0.0653396019516472,1.6146317007452986
BKE,2.0,1.0,0.02180356919580195,0.02180356919580195,1.5654603579797053
FANUY,2.0,1.0,0.056166552409985304,0.056166552409985304,1.5381183122360338
DASH,9.0,1.0,0.027165334674456348,0.0203065706627015,1.5219761267857799
FBIN,3.0,1.0,0.02821533379813387,0.038439263744889,1.5093515380165692
TPR,2.0,1.0,0.0332364728484606,0.0332364728484606,1.4948483290189263
VRSN,3.0,1.0,0.012564098989351367,0.0075409203035684,1.4440827984395002
NVS,6.0,0.8333333333333334,0.013723715720262201,0.0176694376142449,1.419938767137462
SE,3.0,1.0,0.017392065209959767,0.0249858800965432,1.3223015942190721
COIN,5.0,1.0,0.1290620771384348,0.1138254521579059,1.3139484146157845
IDXX,12.0,0.8333333333333334,0.050563909133601447,0.06770739786380205,1.3109327262998087
HLN,3.0,1.0,0.01879877110359177,0.0104226018037417,1.2957564691639103
TT,3.0,1.0,0.018926600686760966,0.0207234323626199,1.2868855495641096
SLAB,2.0,1.0,0.1258645734029169,0.1258645734029169,1.2523990766575843
DB,2.0,1.0,0.058753642638219,0.058753642638219,1.2424565264793468
VLO,10.0,0.8,0.029600917902234753,0.0326601950385682,1.1998765004075265
LHX,4.0,1.0,0.027581862729246173,0.0285456216405544,1.1920879593958988
MRAAY,2.0,1.0,0.0687669433918997,0.0687669433918997,1.1899006432383004
GD,9.0,0.8888888888888888,0.010773620872851733,0.0101146185808121,1.1890328534589694
LFUS,2.0,1.0,0.02540418869807895,0.02540418869807895,1.1880897940357191
HON,18.0,0.9444444444444444,0.01326350575718805,0.0091580168774832,1.1798253268444145
NET,5.0,0.8,0.056848604421562456,0.0520759021340231,1.173237956503949
HDB,6.0,0.8333333333333334,0.01185493709751445,0.0159813882575109,1.1728620104693226
LULU,13.0,0.7692307692307693,0.03473407630596503,0.0483311562955633,1.057562897012834
MHVIY,2.0,1.0,0.07981669370510025,0.07981669370510025,1.0439710729797913
IBDRY,2.0,1.0,0.0261703145432439,0.0261703145432439,1.0326017844852788
CBRE,2.0,1.0,0.015470029239037349,0.015470029239037349,0.9820551318989853
BUD,5.0,0.8,0.014828464062463959,0.0166586303752318,0.9635935797298322
STX,3.0,1.0,0.0292605123146113,0.0114628349062692,0.9492005205998882
CPB,3.0,0.6666666666666666,0.0043448107531409335,0.0070172161297114,0.9386591120854056
ZION,2.0,1.0,0.0424942283511665,0.0424942283511665,0.9377389170373691
JCI,4.0,1.0,0.026813855291208548,0.01321741645819955,0.9299534359631086
EXLS,3.0,0.6666666666666666,0.004131822397585733,0.0066977335963786,0.9296926466559368
DEO,2.0,1.0,0.0124636969218467,0.0124636969218467,0.9194144496464303
AZO,2.0,1.0,0.014168016570293101,0.014168016570293101,0.9014416009303179
SPG,3.0,0.6666666666666666,0.024129702663047998,0.0224126994913477,0.8818663230678621
SAFRY,6.0,0.6666666666666666,0.024469093065114553,0.026382074712138652,0.8792244696632905
SJM,4.0,1.0,0.017179894112563224,0.0098982940378008,0.8636141528292177
BKNG,10.0,0.9,0.018536120253627,0.0131955629792354,0.8616196655577941
WBD,4.0,0.75,0.0271958522485076,0.030908979780118598,0.8441538291110293
HOG,11.0,0.6363636363636364,0.043981952316243134,0.0729534954692042,0.8426631558714328
NOC,5.0,1.0,0.01320064760811128,0.0059632666111262,0.8286452244448715
AFL,4.0,0.75,0.017501052496859952,0.0110127977987862,0.7713562416307307
SLB,5.0,0.8,0.013087787063687939,0.006250806330231,0.7624285988939257
RCL,6.0,0.8333333333333334,0.041539637213241616,0.0424922955198974,0.7539353004393045
EFX,7.0,0.7142857142857143,0.055251290968690595,0.1140818298453257,0.7329731794601962
ROK,6.0,0.6666666666666666,0.01596379327248653,0.01621442613823145,0.7315477915810932
APH,8.0,0.625,0.019576038998969376,0.0386962007003838,0.724267369239927
GEV,25.0,0.76,0.024793495614534925,0.040054477932785,0.7157531675258942
CEG,4.0,0.75,0.008641130616580625,0.0141601160193959,0.701696549505832
BCS,3.0,0.6666666666666666,0.03255404658842743,0.0434704635515612,0.684181086550528
MELI,3.0,0.6666666666666666,0.0138532332864862,0.0049872649162806,0.6840125155036204
DRI,3.0,1.0,0.016142640660507,0.0023793422337779,0.6771602011241165
AVY,3.0,0.6666666666666666,0.016023261230084768,0.0209259780551079,0.6757804564376615
CMI,4.0,0.5,0.0357954617800459,0.024492813247316447,0.6739840388781728
CSX,16.0,0.75,0.012100399323333781,0.01573043838322885,0.6533967731447697
UHS,2.0,0.5,0.0159225075874956,0.0159225075874956,0.6453437310720169
SMCI,7.0,0.5714285714285714,0.0992427355774521,0.0772774449460115,0.6395628794976268
SFM,6.0,0.3333333333333333,0.005934459323111534,-0.0001844279670684,0.6260414417733249
ALK,3.0,1.0,0.03595787237011077,0.0025137169601767,0.620744851765733
MRNA,4.0,0.5,0.04042270023019667,0.0347552746943118,0.6107423550222573
IRT,3.0,0.6666666666666666,0.0036402330625815663,0.0071065075817934,0.6063251848478315
GMED,4.0,0.75,0.006530014769904225,0.0119160256198077,0.6062014125000558
MDLZ,7.0,1.0,0.0032590409742434857,0.0012957075954398,0.6003022319285852
ROP,3.0,0.6666666666666666,0.010835509920498601,0.0161113608637868,0.5999284447306816
AJG,3.0,0.6666666666666666,0.012053905658982468,0.0237871926343848,0.5931266908914282
B,40.0,0.7,0.028089927844586204,0.0343306185111351,0.5876466170463179
ADDYY,2.0,0.5,0.02878278503890125,0.02878278503890125,0.5873287127229359
RDDT,2.0,0.5,0.04019939964948335,0.04019939964948335,0.5770578878426148
WWD,3.0,0.6666666666666666,0.0293061438026728,0.0002236906657447,0.5729329236060359
PROSY,7.0,0.7142857142857143,0.016430574280192515,0.0084642811070898,0.5639015824539457
SIEGY,3.0,0.6666666666666666,0.02476712993296887,0.0016750696523389,0.5501537369638202
DDOG,5.0,0.6,0.02202757468379552,0.0401665443100278,0.5422885522707601
VST,2.0,0.5,0.03271889970672825,0.03271889970672825,0.5324985230687816
BR,4.0,0.5,0.004943750124928476,0.005504081460396101,0.5314511345756627
MO,5.0,0.6,0.007980020713942378,0.0179003171769982,0.5293082439786295
BSX,9.0,0.6666666666666666,0.015387310264868677,0.0085460324623071,0.5232047293622422
KVUE,2.0,0.5,0.026700412251237097,0.026700412251237097,0.5227116629592344
NFLX,30.0,0.5333333333333333,0.02319034478495014,0.01580497328984245,0.5211110071094709
MCHP,6.0,0.8333333333333334,0.019592035924005435,0.0193366789776865,0.5007489216717745
ZBRA,7.0,0.7142857142857143,0.018122150993699872,0.04379837664275,0.4995652176098448
HKXCY,2.0,0.5,0.01023817226941685,0.01023817226941685,0.49848675083827976
PSX,2.0,0.5,0.028285515411298198,0.028285515411298198,0.4951581523446239
F,18.0,0.8333333333333334,0.01029212300163355,0.0122199610605506,0.49301925250293815
GILD,5.0,0.6,0.0204230440411597,0.0106195090325755,0.491980319633174
USFD,2.0,0.5,0.0091539747390718,0.0091539747390718,0.48810546626938184
CP,2.0,0.5,0.0374142755430359,0.0374142755430359,0.4880647506857149
ADP,6.0,0.6666666666666666,0.006216493082083999,0.013636101350244,0.48049081547863703
HSBC,4.0,0.5,0.0172261384230225,0.011966211288883252,0.47725014641316454
APTV,4.0,0.75,0.013148752493537526,0.0111661673035626,0.47173019727150356
SNPS,13.0,0.5384615384615384,0.015103799035770147,0.0203834510093383,0.46772271335271987
BP,5.0,0.6,0.021820551629543918,0.0407558906916351,0.4628165282403211
UBS,2.0,0.5,0.029474082085111146,0.029474082085111146,0.46184649073079387
NVT,4.0,0.5,0.039508651691459395,0.03749053367135185,0.46171225609782646
AXP,14.0,0.5714285714285714,0.01672252280327284,0.013325197418863349,0.4607874884926453
PTC,17.0,0.47058823529411764,0.018038427294663355,-0.0067193519195796,0.4592968625421878
UL,5.0,0.8,0.009343021831012979,0.0092706401458764,0.45889087639271436
AOS,4.0,0.75,0.015339819971929548,0.02647980531556335,0.45702268738820356
AMGN,14.0,0.7857142857142857,0.00597527060972605,0.0063769113329628,0.4557248365703532
TTC,6.0,0.8333333333333334,0.026818621906806134,0.0385368188054772,0.4550521920048227
OMF,2.0,0.5,0.0397615608612154,0.0397615608612154,0.4510348275407468
GS,20.0,0.65,0.018797343790363068,0.0310242716853552,0.4316158901455503
SYF,2.0,0.5,0.0104093044410358,0.0104093044410358,0.4310494506437038
SONY,6.0,0.6666666666666666,0.01345153713536675,0.02389270856186155,0.4141389450921094
ADBE,41.0,0.4146341463414634,0.01253711585317278,-0.0016994562450851,0.4138956127337987
RSG,3.0,0.6666666666666666,0.010315189502128232,0.0228926368558487,0.4104067306666878
HWM,9.0,0.7777777777777778,0.010039552905220765,0.0120270459593772,0.4103902579134461
PI,2.0,0.5,0.0822494079247154,0.0822494079247154,0.4084744496860985
TPL,2.0,0.5,0.0159829184860988,0.0159829184860988,0.40363160807788007
SMFG,3.0,0.3333333333333333,0.011254291235902,-0.0049682186770178,0.3998451011992454
DELL,6.0,0.6666666666666666,0.03228604827291851,0.0030358470694366,0.39783721892012774
DXCM,15.0,0.4,0.02499802651801889,-0.0132263094543996,0.38792307722036123
PWR,4.0,0.75,0.02071196394844015,0.0130986538678272,0.38288046925067093
GE,18.0,0.5555555555555556,0.01178527633952512,0.0042385598719772,0.3809188966914538
CMG,21.0,0.7619047619047619,0.010745456255320997,0.0043607901347052,0.37961241225343656
MTCH,2.0,0.5,0.014929585903242351,0.014929585903242351,0.3676631389155294
NWG,4.0,0.5,0.013511431608854572,0.010605840490952199,0.36546280748974336
RBC,2.0,0.5,0.01642081534169915,0.01642081534169915,0.3641656317073349
EL,7.0,0.5714285714285714,0.02077024378123626,0.015302756732014,0.35573523420689585
INVH,3.0,0.3333333333333333,0.0016033532553256667,-0.001,0.35557849541726383
BA,9.0,0.7777777777777778,0.016273284013797303,0.0080864678788036,0.3549292305528351
COR,2.0,0.5,0.0078199601600034,0.0078199601600034,0.34803531909474567
HUM,23.0,0.7391304347826086,0.012325330661118638,0.0303333859604164,0.3464022999650077
DTE,2.0,0.5,0.00444372185684055,0.00444372185684055,0.3458244131424841
LDNXF,3.0,0.6666666666666666,0.0127096215468999,0.0200671088371342,0.34348839681183
CHTR,8.0,0.625,0.018826738914453512,0.03657807989699325,0.33961649874799565
HCA,14.0,0.6428571428571429,0.006951830053669146,0.0217026576551401,0.3367209875660712
TM,5.0,0.6,0.013268102385849601,0.0204473773842496,0.3322001874977424
TTD,13.0,0.7692307692307693,0.01162951067298697,0.0283944745420718,0.330079214481032
PEP,29.0,0.5517241379310345,0.012865028702047802,0.0037266533951533,0.32810309579958336
UDR,3.0,0.6666666666666666,0.005003612453273667,0.0140237141659501,0.32026656559296635
TJX,12.0,0.5833333333333334,0.005338359369716875,0.0077449532624567,0.3159360771221398
WT,5.0,0.6,0.00425016545774576,0.0086359904836782,0.3103133757009544
NFG,3.0,0.3333333333333333,0.01710130898431853,-0.012797542605275,0.3083412233828227
PAYX,9.0,0.7777777777777778,0.0045912198490833,0.0119060912047862,0.30340705059206363
TENB,21.0,0.7142857142857143,0.007846418499433364,0.0237540679460409,0.30329497420972007
LNC,3.0,0.3333333333333333,0.0123886237448274,-0.0112438577791539,0.30265866268453195
HSIC,3.0,0.3333333333333333,0.0048722256264854,-0.0044925956077796,0.30037741315461597
CELH,3.0,0.6666666666666666,0.030238355472328365,0.0885495715442004,0.2993956197086029
IFF,7.0,0.5714285714285714,0.008658971757203829,0.0223048629833013,0.2909614080663847
TSCO,9.0,0.7777777777777778,0.010902215120272167,0.0117340877480356,0.2902051491086849
INTU,16.0,0.5,0.012211515094657488,-0.0044206334541826995,0.2876147628952789
VTI,3.0,0.3333333333333333,0.010889565995438631,-0.0112849247926092,0.2835282180285044
FCNCA,6.0,0.6666666666666666,0.017500207221517298,0.0576548782873954,0.2813205758508065
TOELY,2.0,0.5,0.0222000068703505,0.0222000068703505,0.2689476116229495
ADM,4.0,0.5,0.012276942859634151,-0.0035283670388195996,0.26842250800121137
BK,4.0,0.5,0.008421258353519525,0.00304227194269125,0.26678264550581504
NKE,13.0,0.5384615384615384,0.008169023250153184,0.0107024612012945,0.26101369436051464
CL,18.0,0.9444444444444444,0.0045227836782305506,0.0028942865160937,0.2572042190056044
CACI,5.0,0.4,0.009904339267938139,-0.0004520226538465,0.2519306318275155
ABBV,26.0,0.8076923076923077,0.006332617431789297,0.0058394385742012,0.2418913060250206
OXY,6.0,0.3333333333333333,0.011140687633940882,-0.01281278187783205,0.24075071387557115
TECH,6.0,0.3333333333333333,0.014511837508459616,-0.0128835862323659,0.23702087179373593
CVS,8.0,0.625,0.008736721448061487,0.00493636558216105,0.23532851061024573
AMZN,72.0,0.5833333333333334,0.009210730119920268,0.0009835324501368,0.23190287564827372
E,7.0,0.5714285714285714,0.0050460341901504575,0.0149823981188318,0.2228182015239476
MMM,10.0,0.8,0.00436123573184027,0.00331511093176135,0.21879915728436436
DIS,28.0,0.4642857142857143,0.004460471419494761,-0.0080586215908869,0.21847725683943472
ACGL,4.0,0.5,0.0040704423596572,0.0076544861756828,0.21451528151354482
DLTR,5.0,0.6,0.006225866759685761,0.0030493482935274,0.21182913028809483
PODD,4.0,0.5,0.012281789310623948,0.027062095676065597,0.2104732216533752
NEE,11.0,0.6363636363636364,0.010473677379757436,0.0036940877391911,0.20899504394411353
RSP,3.0,0.3333333333333333,0.0017462430808438997,-0.0031122150722358,0.2075131412126435
DG,6.0,0.5,0.008736399564808948,-0.0029154370633561995,0.19925869747724317
ODFL,5.0,0.6,0.012007291654540298,0.0073598149290173,0.19497445039497766
OKTA,24.0,0.2916666666666667,0.00857795656510455,-0.0117775702626354,0.1924333599927584
IT,17.0,0.47058823529411764,0.004631254629666983,-0.0025620719913021,0.1919943113764485
PYPL,18.0,0.3333333333333333,0.0019549177126157447,-0.0012798974691376,0.18657145762446412
MMC,6.0,0.5,0.0032885801726812835,-0.0014198484977167999,0.182044649331597
IDA,2.0,0.5,0.00133889289626385,0.00133889289626385,0.17946738530215944
CTSH,6.0,0.5,0.002253079881703117,-0.0016681163631340002,0.178823839779137
SNDR,2.0,0.5,0.0032348590021111494,0.0032348590021111494,0.17792967002434826
VRT,3.0,0.3333333333333333,0.012098818752019966,-0.0271847352009497,0.17781630123684786
AMCR,2.0,0.5,0.0035795893358243,0.0035795893358243,0.17714803327325024
NWSA,2.0,0.5,0.00613649865768175,0.00613649865768175,0.1742740270636659
DT,9.0,0.7777777777777778,0.007788858052676678,0.0341949028892251,0.17203203754064716
G,5.0,0.8,0.00188189854445538,0.0068740192261447,0.16858779426526788
KR,2.0,0.5,0.006481084680631249,0.006481084680631249,0.164667836751145
ARES,2.0,0.5,0.005931505977463249,0.005931505977463249,0.15949749696820978
NU,5.0,0.2,0.0022289928523521,-0.0043222559783854,0.15215967727665625
EOG,2.0,0.5,0.0082747716248602,0.0082747716248602,0.15173949820309177
CRL,6.0,0.5,0.0068941366725829975,-0.0040682106064593,0.1496597688451387
MOH,6.0,0.5,0.0072645713071619504,-0.0020085507853063005,0.14788902157567507
SU,2.0,0.5,0.006335237160359551,0.006335237160359551,0.14371256256839182
DTEGY,2.0,0.5,0.011541579679476447,0.011541579679476447,0.14212562737141723
CAT,26.0,0.4230769230769231,0.004140720421992077,-0.0073403018838522,0.13889284129668303
ANET,21.0,0.5714285714285714,0.007027419769983998,0.0197351989564196,0.13775528388727382
AXON,5.0,0.2,0.0036909126524284795,-0.0088115191976511,0.13202442034973544
RTX,13.0,0.38461538461538464,0.003297236093540185,-0.0130845870496951,0.12909982902947534
FSLR,3.0,0.6666666666666666,0.02331292211313311,0.0389810300058052,0.12793294876951475
CRM,29.0,0.4827586206896552,0.004525514433693845,-0.0118167829993885,0.12684130306832447
KEYS,4.0,0.5,0.002928738539494451,0.002928738539494451,0.12143784577180987
WMB,4.0,0.5,0.0035499689790316757,-0.0020676593485783497,0.11584313209254148
SAP,12.0,0.3333333333333333,0.004746228681066958,-0.0162967050789211,0.11381498356655133
CTAS,5.0,0.8,0.0016549137595814598,0.0028284426104391,0.11321545810387343
AKAM,5.0,0.6,0.00177753928237896,0.0006894722283087,0.11087798902645894
RVTY,11.0,0.6363636363636364,0.002869647340794055,0.0117945083327483,0.10936613326975157
ZTS,27.0,0.7777777777777778,0.002680100282907426,0.0114821121658876,0.10228252024914217
MTD,6.0,0.3333333333333333,0.0023758374980789505,-0.0023011046296745,0.10070401541138467
CTVA,4.0,0.75,0.0007237749546848747,0.0041949740710007,0.10065232979163967
GWRE,3.0,0.6666666666666666,0.0030335014314938347,0.0210584740379001,0.09716480054109025
ORCL,21.0,0.47619047619047616,0.0030359089316986413,-0.013626281375039,0.09582136313138488
IR,5.0,0.4,0.0031133992821515003,-0.0008860025475952,0.09577043638968447
IBM,16.0,0.5,0.002332979110699156,0.00503948397166725,0.0947417711345362
DHR,25.0,0.36,0.00294309500834065,-0.0001510580504,0.09069490395468771
ILMN,2.0,0.5,0.0009801419667792,0.0009801419667792,0.09048858734740305
SYK,9.0,0.6666666666666666,0.0020951052412362,0.0122109492741652,0.08286702976280201
NUE,6.0,0.5,0.0037399691592018675,-0.0085292761216711,0.0814755900033918
LKQ,2.0,0.5,0.004744419394182298,0.004744419394182298,0.0779834955100589
CPRI,3.0,0.3333333333333333,0.009076026906409268,-0.0587193605378598,0.07729208099732798
HLI,2.0,0.5,0.0048154681897336,0.0048154681897336,0.07594766419018877
DVN,5.0,0.2,0.0040414085148086825,-0.0109595889055357,0.0750417620666246
AVB,6.0,0.5,0.0013664998925380506,0.0001560112787554,0.06763580205364232
NSC,11.0,0.36363636363636365,0.0023439343987788,-0.022877553511639,0.060808275412215146
LRCX,15.0,0.4,0.0020986146402026664,-0.0109835386447564,0.06065888316938409
FCX,6.0,0.16666666666666666,0.003540409764487496,-0.0112388917848807,0.05664948818462107
FI,18.0,0.6111111111111112,0.0012523386807323062,0.0105360271968064,0.05389000411216338
BAC,39.0,0.5384615384615384,0.001444269591384822,0.0071475358723862,0.05047705023422557
SNDK,3.0,0.3333333333333333,0.0017213173752274994,-0.0180150892883966,0.05035379878851207
ISRG,16.0,0.375,0.0015843546822807576,-0.0027082138773543,0.04389004339516013
GNRC,2.0,0.5,0.0013848100749715014,0.0013848100749715014,0.0313484757933567
GPC,3.0,0.3333333333333333,0.0008272511371932323,-0.0110176311286147,0.029974691081517547
MPC,5.0,0.8,0.0007747452576979799,0.0062273076330004,0.028950247554076783
LH,5.0,0.6,0.0005459442793008806,0.0021761691733684,0.02423389582120892
ROST,8.0,0.75,0.00021508175859060027,0.0002660755192778,0.010255669052549052
STAG,4.0,0.75,0.00021981913456162357,0.0119943238600251,0.009334538466244104
KDP,4.0,0.5,7.838570986032486e-05,0.0025792637148463,0.006008619008266736
LNG,3.0,0.3333333333333333,0.00021770387819536793,-0.0153815206531708,0.005367288018004761
BC,3.0,0.3333333333333333,-7.929978741786613e-05,-0.0122393496818912,-0.0037650958680024446
CMCSA,12.0,0.4166666666666667,-0.0002587807294158681,-0.018995842582860148,-0.00819196995967625
PM,4.0,0.5,-0.0002904700588958996,0.0030096949408121004,-0.01194828203930868
MS,19.0,0.3684210526315789,-0.0006547003395238207,-0.0077672826007103,-0.01557463157740077
HAL,6.0,0.16666666666666666,-0.00046257400678883224,-0.0076880120309745,-0.018152672926185064
BXP,3.0,0.3333333333333333,-0.0008083839666192019,-0.0200776746912482,-0.0242209590070503
LYB,6.0,0.5,-0.0012203822495502332,-0.012439446011493601,-0.027541723359487905
ALB,3.0,0.3333333333333333,-0.0018398140762513014,-0.0338826777786784,-0.030589714029719543
EMR,7.0,0.2857142857142857,-0.0012684417837684852,-0.0183984607445655,-0.03229913166268904
COST,9.0,0.6666666666666666,-0.0005543986518845783,0.0007463906202566,-0.03328241525308605
HPE,3.0,0.3333333333333333,-0.0003208886193351664,-0.0028708610733769,-0.03354644213031847
CHX,2.0,0.5,-0.0030870129118241475,-0.0030870129118241475,-0.03754761702544981
KEY,7.0,0.7142857142857143,-0.0015115479689020454,0.0222559145931867,-0.043932889405608355
IQV,6.0,0.16666666666666666,-0.002731520402188336,-0.0153754827811181,-0.04549279895025773
RIO,4.0,0.25,-0.0011346867732087255,-0.0099355232440231,-0.0456816150068895
CAH,3.0,0.3333333333333333,-0.0018076613249097997,-0.0073590664048912,-0.04787264305631811
WDAY,17.0,0.4117647058823529,-0.0016710605642805524,-0.001,-0.05928300372040216
IVZ,2.0,0.5,-0.004064702573620502,-0.004064702573620502,-0.06183823798778821
LIN,15.0,0.5333333333333333,-0.0008413214797813995,0.0018479150644999,-0.0628455506372365
JNJ,31.0,0.5806451612903226,-0.0019674378053593654,0.0072508250825082,-0.0645280735355021
CNC,20.0,0.4,-0.004902548479997846,-0.0145992743290871,-0.06785980284155914
RMD,4.0,0.5,-0.0012980356590618749,-0.0024584077920856507,-0.07505264821235486
EMN,4.0,0.5,-0.004422664597174924,0.00036261182841735,-0.07669083707192155
AME,4.0,0.25,-0.001556340333477175,-0.01025567386641935,-0.07756641010721506
BJ,10.0,0.6,-0.0038193046860753007,0.0213960969733725,-0.0799732165134323
EPAM,5.0,0.6,-0.004207103308100979,0.0026672982032154,-0.0819161940905094
ABT,18.0,0.5,-0.001337810405904174,3.545241715996808e-05,-0.08431446028765238
FIS,7.0,0.2857142857142857,-0.0007947480180430858,-0.0060800296765433,-0.08724116829803957
AIG,5.0,0.4,-0.00085427536937474,-0.0047827647362761,-0.08780407648238496
TXN,36.0,0.5555555555555556,-0.003167927075229991,0.0076737448448661,-0.0897379371366594
MRK,34.0,0.5294117647058824,-0.003180575083968961,0.0008414133018017,-0.09100808311609596
ADSK,12.0,0.6666666666666666,-0.002145414413456333,0.00912259372011,-0.10145344481447828
TMO,40.0,0.325,-0.0034981093907104008,-0.0121604667004243,-0.10459140485445273
CNQ,2.0,0.5,-0.004962228371480651,-0.004962228371480651,-0.10608751892860842
WM,14.0,0.6428571428571429,-0.003180316689789043,0.0108684201919576,-0.10911304919208177
VZ,10.0,0.4,-0.0027868010531447397,-0.013724501089303901,-0.11137706186388228
CNM,4.0,0.75,-0.0021329018926774003,0.0053330811806965,-0.11556712283335896
PFE,20.0,0.6,-0.003841269053655935,0.01332694622215435,-0.11940068805784285
PG,29.0,0.4827586206896552,-0.0028618581247592764,-0.0003745881806805,-0.12297943647036587
TMUS,3.0,0.3333333333333333,-0.003728298057109933,-0.006911227229408,-0.12621574285510073
C,14.0,0.35714285714285715,-0.004583735393464885,-0.0190180309784111,-0.13274798744615557
PNC,5.0,0.4,-0.0044074990770103396,-0.0061268756692179,-0.13894781096581318
VMC,3.0,0.3333333333333333,-0.004431115494056566,-0.0074729180919176,-0.1450775711393106
HYG,2.0,0.5,-0.0007132962340969998,-0.0007132962340969998,-0.14624447579330066
FWONK,12.0,0.08333333333333333,-0.002085400416328775,-0.0058483722804443,-0.1468553275597023
BIIB,4.0,0.5,-0.007788426415760625,-0.0051234985288224,-0.147898805901504
CHD,4.0,0.5,-0.00253150266938635,0.00024619804756545027,-0.1495153011269691
BLK,17.0,0.29411764705882354,-0.0040620992567356115,-0.0180762357090828,-0.15784400100357865
PINS,11.0,0.5454545454545454,-0.0028759974412196536,0.0093613205283703,-0.16234036746863426
HPQ,6.0,0.3333333333333333,-0.003726767842934384,-0.0128852054390392,-0.16349770119185958
BHP,7.0,0.2857142857142857,-0.004436843164068871,-0.0185631007528827,-0.16471209534733727
CCI,10.0,0.3,-0.00367844809550947,-0.0130624997831272,-0.17034949872239505
OMC,3.0,0.3333333333333333,-0.007258744130829667,-0.0142051125550881,-0.17509674236403747
MUFG,4.0,0.5,-0.009606977052078053,-0.01196465928802035,-0.17561226236004873
UPS,31.0,0.5161290322580645,-0.005107346545124581,0.006257216259174,-0.18451565736443937
EQIX,3.0,0.3333333333333333,-0.002079249273181533,-0.0043470666709818,-0.18699982250030858
BMY,6.0,0.5,-0.006389630992570966,0.00224608767843995,-0.18927145686926009
LMT,9.0,0.4444444444444444,-0.0046719634085009435,-0.0004712463753074,-0.19015812136123217
MLM,5.0,0.4,-0.00489671362550838,-0.0144086709907744,-0.19121610635055622
TEL,5.0,0.2,-0.00680225350028516,-0.0281809138384274,-0.19555105085840288
STT,4.0,0.25,-0.0048473014823329,-0.01560234459889105,-0.1966846711432412
CHE,5.0,0.2,-0.0033262239411582205,-0.010709049587037,-0.20148553406428804
PCAR,4.0,0.5,-0.0038385253741440254,-0.006314747616023301,-0.2043501712793985
ALL,2.0,0.5,-0.0038405167035190993,-0.0038405167035190993,-0.22107727789041834
EA,7.0,0.42857142857142855,-0.003811953969537485,-0.0096674445142512,-0.222186005842113
ACN,28.0,0.21428571428571427,-0.007624596300094337,-0.0054567576110488,-0.2229405240764113
ELV,11.0,0.5454545454545454,-0.010596065911539066,0.0022154340836012,-0.22561803848537648
KHC,8.0,0.125,-0.006185492951005663,-0.0063917908043032,-0.22581748160821208
MPWR,2.0,0.5,-0.01401339717882595,-0.01401339717882595,-0.22582533356186468
SPGI,9.0,0.3333333333333333,-0.003441550067740878,-0.0030982065751686,-0.23411120581268102
EQR,7.0,0.42857142857142855,-0.005761224417897141,-0.0087664450597996,-0.23450735837880782
LLY,31.0,0.3870967741935484,-0.011126074029560987,-0.0039763233380701,-0.2384344632920953
ZBH,23.0,0.5217391304347826,-0.007306472236712124,0.0022077562143171,-0.23873336036095533
PH,4.0,0.25,-0.005041028137377975,-0.0052147560725235,-0.2556079154132485
CME,2.0,0.5,-0.0042450936633626,-0.0042450936633626,-0.25825201442038975
SWK,16.0,0.5625,-0.007874983503398663,0.015133321126302,-0.2593514637546747
MDT,9.0,0.4444444444444444,-0.010072105599244034,-0.0110699688027283,-0.2608151950970188
TER,5.0,0.4,-0.011116159238196522,-0.0102252464417399,-0.2612272567320121
WMT,18.0,0.3888888888888889,-0.005372828305645184,-0.0031843050323054,-0.26751211851926615
BRO,5.0,0.2,-0.0072538465857810795,-0.0192724630378334,-0.2699161609636271
CSCO,10.0,0.3,-0.0039170853874475504,-0.0096058400621764,-0.2751009499821779
CPRT,4.0,0.5,-0.009111824644406701,-0.0046460862179055,-0.28235015439995403
MCK,3.0,0.6666666666666666,-0.0089528535393148,0.0019779758998449,-0.2835354442426981
BDX,22.0,0.13636363636363635,-0.012290307362561825,-0.0006516832592525,-0.2849972446287144
NSRGY,5.0,0.4,-0.014233714897139321,-0.0455853694941367,-0.28951586420249564
KMX,11.0,0.45454545454545453,-0.015942566279291002,-0.058506097858066,-0.29210382167012416
CARR,3.0,0.3333333333333333,-0.008176478504408566,-0.0141634560033641,-0.2932935086913916
HBAN,2.0,0.5,-0.0118088689698994,-0.0118088689698994,-0.2938223911470361
WAT,7.0,0.5714285714285714,-0.01849104273744901,0.0065126944863049,-0.29859914441482643
XYL,3.0,0.3333333333333333,-0.004841933413532466,-0.0141558670727983,-0.30014080644864355
COO,5.0,0.2,-0.01148968330250726,-0.0051571230883998,-0.3063414070130627
ABNB,4.0,0.5,-0.015111738305850475,-0.01444310849846965,-0.3078219850363868
HSY,7.0,0.42857142857142855,-0.012852108351042816,-0.0016410647661258,-0.31267908203734357
CI,13.0,0.3076923076923077,-0.014478118547604805,-0.0262287621591605,-0.3242001917316726
LEN,14.0,0.21428571428571427,-0.013657485894585764,-0.031536888347563796,-0.32519537602859205
CDNS,7.0,0.14285714285714285,-0.008223291211013799,-0.0120257331925269,-0.32795105729931917
MA,17.0,0.29411764705882354,-0.006102409373950576,-0.0187281983308735,-0.33539227084498513
UTHR,2.0,0.5,-0.0023205991130512997,-0.0023205991130512997,-0.3409528671583768
KMB,9.0,0.4444444444444444,-0.009196827749044833,-0.0080948244327524,-0.35905174834039044
CBOE,2.0,0.5,-0.0128506137027963,-0.0128506137027963,-0.35946663095114306
HUBB,5.0,0.4,-0.007608565172333081,-0.0161546263535851,-0.35984167040843706
REGN,14.0,0.5,-0.037629435908635864,-0.0019025556956269998,-0.36056423551283007
COF,18.0,0.2777777777777778,-0.015557920015018637,-0.0457337851885,-0.3641601625372208
FDX,9.0,0.4444444444444444,-0.016494876490160813,-0.0353211951841799,-0.36968190696906583
HST,2.0,0.5,-0.0130887695688604,-0.0130887695688604,-0.36995466208720984
CFG,2.0,0.5,-0.015479132124941501,-0.015479132124941501,-0.3738006676071007
BBY,2.0,0.5,-0.018987249628998504,-0.018987249628998504,-0.3761649423824749
KO,9.0,0.4444444444444444,-0.008058526377631511,-0.0064054746275433,-0.3807853175655197
HMN,3.0,0.3333333333333333,-0.0021544472094282,-0.0054179536319212,-0.3811454660377269
NTRS,3.0,0.3333333333333333,-0.005121779088228833,-0.010956263912446,-0.3818183314062773
BLDR,3.0,0.6666666666666666,-0.018872941236594668,0.0094726082035565,-0.3844094723354852
CB,11.0,0.45454545454545453,-0.005537322327177582,-0.0171005598452825,-0.38818895973533735
NDSN,3.0,0.3333333333333333,-0.011681978860937367,-0.0290411385241891,-0.3885322660121385
K,3.0,0.3333333333333333,-0.0027995915492973335,-0.0022135736925889,-0.3993031038593346
ST,9.0,0.4444444444444444,-0.018388791698526412,-0.0190741639435386,-0.3994860248170966
PSA,5.0,0.4,-0.006009918304637999,-0.0156405375920067,-0.403632502441139
XOM,21.0,0.42857142857142855,-0.013198502884203862,-0.0198627393214937,-0.40791902978777766
DLR,3.0,0.3333333333333333,-0.0061050395993716,-0.0036129962765074,-0.42104592406761115
APO,10.0,0.1,-0.018889855107687977,-0.0085253730573722,-0.4264694193221663
ASML,23.0,0.4782608695652174,-0.018914427207030175,-0.0145090888571704,-0.4305164284160831
QCOM,15.0,0.26666666666666666,-0.014466870864289993,-0.0331094354052714,-0.4370495312359775
MAA,5.0,0.6,-0.00891301212243504,0.0017755989245979,-0.44254683267199685
ARMK,4.0,0.25,-0.0018006172960858499,-0.0035382151769024,-0.4465246174009041
FTNT,8.0,0.5,-0.009148858103830676,0.00017394066602429998,-0.4477837835018225
MET,6.0,0.3333333333333333,-0.010030127676597701,-0.0056338087146164,-0.46277255236397086
GL,12.0,0.3333333333333333,-0.0064274744105004165,-0.0079767770485003,-0.47010020613907366
SBCF,2.0,0.5,-0.004887310084899199,-0.004887310084899199,-0.47346067907827155
APP,8.0,0.375,-0.033429266286431246,-0.030452520798664,-0.47425576717962453
URI,4.0,0.25,-0.010343264222221026,-0.0206034827958971,-0.5040469726813626
DOV,4.0,0.5,-0.010863165693060724,-0.0124474095909582,-0.510555985842359
EXR,4.0,0.5,-0.008983928700905398,-0.007440788356637751,-0.5144903692311459
SUI,2.0,0.5,-0.0063902134897731,-0.0063902134897731,-0.5211081680360402
WEC,2.0,0.5,-0.0103299477706068,-0.0103299477706068,-0.5270603702979436
DUK,3.0,0.6666666666666666,-0.024936788557931733,0.0011049396316111,-0.5290427033881256
NXPI,7.0,0.14285714285714285,-0.01656109821620184,-0.0191997256005583,-0.5350285826176933
T,13.0,0.3076923076923077,-0.009752921269377287,-0.0208269373323205,-0.538219044198421
PRU,5.0,0.4,-0.016469562885759535,-0.0280754976092644,-0.5396227268844698
YUM,6.0,0.16666666666666666,-0.013735058406479381,-0.0229572300074216,-0.5446920353325341
ALGN,3.0,0.3333333333333333,-0.02734924703490173,-0.0218528845657152,-0.5496469188111819
FICO,2.0,0.5,-0.0993459886589418,-0.0993459886589418,-0.5554543918888742
MU,28.0,0.17857142857142858,-0.030446969854859035,-0.06889565083174375,-0.562218227345381
CINF,2.0,0.5,-0.01253539000822905,-0.01253539000822905,-0.5809965027377026
CPT,3.0,0.3333333333333333,-0.013950363367569931,-0.0180082495304538,-0.5887394027956163
TYL,2.0,0.5,-0.00983854609788715,-0.00983854609788715,-0.5893177180240543
MKL,12.0,0.3333333333333333,-0.01808719501615879,-0.0215038038871602,-0.5955773859035572
RLI,3.0,0.0,-0.008262370465705498,-0.0002624956234241,-0.5962945554232066
ARE,5.0,0.2,-0.01558301136772742,-0.0111247675865219,-0.5969341544673857
SHEL,5.0,0.2,-0.009213424373847959,-0.0174057576949921,-0.6095625580633522
COP,25.0,0.24,-0.027488414224710225,-0.0187055512419567,-0.6218624352911013
CVX,30.0,0.23333333333333334,-0.01751539727459208,-0.0197839206970367,-0.6332852448356756
TFC,27.0,0.3333333333333333,-0.018273455771655085,-0.0418063290064886,-0.6372849573463544
STZ,7.0,0.2857142857142857,-0.02152109202095248,-0.0151810621476686,-0.6434742667143765
UNP,24.0,0.2916666666666667,-0.01393752606633941,-0.0096214557487916,-0.6605252081094277
PFG,3.0,0.0,-0.019092934419674065,-0.0049007026065922,-0.6622256848285938
ORLY,3.0,0.3333333333333333,-0.01714468617153037,-0.0218888583713107,-0.662426735344116
PLD,12.0,0.25,-0.014878462740061868,-0.016555124436021,-0.6682990781250681
GIS,18.0,0.05555555555555555,-0.008367903594618356,-0.0056110572837046,-0.6746200094668277
GM,6.0,0.3333333333333333,-0.009080394990299884,-0.0175635965065869,-0.679783690938129
DTM,2.0,0.5,-0.0093580358059642,-0.0093580358059642,-0.6804842130843688
HLT,6.0,0.16666666666666666,-0.010324805433546433,-0.0120411373923246,-0.7030670818291922
PHM,3.0,0.3333333333333333,-0.015898258347886135,-0.0129765897184879,-0.712261759192204
AON,18.0,0.05555555555555555,-0.02071621430510893,-0.0099253680805691,-0.7183594278865931
HOMB,3.0,0.3333333333333333,-0.0068303227749039,-0.008271436654262,-0.7245485293413989
TBLL,4.0,0.0,-0.001235479564863275,-0.0004309791615654,-0.7389294261954568
NDAQ,10.0,0.1,-0.01152082668801679,-0.0143283703801198,-0.7397323789268192
NCLH,2.0,0.0,-0.047919122405792394,-0.047919122405792394,-0.7415615887840877
PPG,6.0,0.3333333333333333,-0.020849400161163115,-0.0161434565373818,-0.7675009991503897
FTV,7.0,0.42857142857142855,-0.012834807444170331,-0.0051463794705867,-0.7933051642138085
GPN,34.0,0.08823529411764706,-0.04020912804785072,-0.0124129190670335,-0.8295574818562054
SHOP,6.0,0.16666666666666666,-0.035340987150724514,-0.04914773810544785,-0.8329687934981819
CDRE,2.0,0.0,-0.033073017390001354,-0.033073017390001354,-0.8411638724103272
NEM,5.0,0.2,-0.0111806617058537,-0.0190321829750705,-0.8509833317406875
VLTO,4.0,0.25,-0.006995062009265526,-0.007579422211049801,-0.8516676308002482
SYY,7.0,0.14285714285714285,-0.007526368403378386,-0.0067758261964243,-0.8626460778308844
APD,11.0,0.2727272727272727,-0.016564507273813835,-0.0189816280114777,-0.8856904975262722
GEHC,6.0,0.16666666666666666,-0.03334715245463191,-0.0485929371336247,-0.9140534831845534
GPK,17.0,0.29411764705882354,-0.016059012429913866,-0.028932943951164,-0.9202245803407816
DD,5.0,0.0,-0.016982566735815142,-0.0170571185957921,-0.9212473116056797
WY,8.0,0.25,-0.029555413774963173,-0.042635902428316705,-0.956974839163533
OTIS,3.0,0.0,-0.010813775664288499,-0.0078471965190935,-0.9707115086729401
LVMHF,8.0,0.125,-0.0239765666392657,-0.0328330072175561,-0.9715902597229246
BKR,3.0,0.0,-0.025729731424922003,-0.0104557159049999,-0.9725711843738689
VEEV,6.0,0.16666666666666666,-0.005129513881455367,-0.0076216271202843,-0.9745875464690638
RPD,2.0,0.0,-0.058909367874441704,-0.058909367874441704,-0.9781968600400357
PGR,12.0,0.16666666666666666,-0.025059624895655355,-0.0142811497428037,-0.9852984115734462
TAK,2.0,0.0,-0.017810214678131202,-0.017810214678131202,-0.9872681823591497
EQT,2.0,0.0,-0.01513944161396655,-0.01513944161396655,-0.9958664894577313
MAR,3.0,0.3333333333333333,-0.024499035257941736,-0.0361344078793876,-1.0020457597644847
HOLX,12.0,0.0,-0.014072621187652132,-0.012622651255202599,-1.0043241305989479
CLX,4.0,0.25,-0.021890194448028928,-0.0218675841044706,-1.010787844475666
WST,5.0,0.0,-0.01343730082075614,-0.0083768641940506,-1.027864598462138
SBAC,13.0,0.15384615384615385,-0.004227614140182723,-0.0060993643501381,-1.075369807519573
AMT,9.0,0.0,-0.01519034022843948,-0.0136314911560861,-1.077384986991745
DAL,7.0,0.14285714285714285,-0.02089116168883553,-0.0333224055548447,-1.0884799502925109
ZM,3.0,0.3333333333333333,-0.02646542164443583,-0.0404838394657258,-1.089981658802201
BABA,5.0,0.0,-0.023324263383847355,-0.009183215950517,-1.1399464581704724
DHI,5.0,0.0,-0.019091564969151542,-0.0092005863696073,-1.143968908400773
HAS,4.0,0.0,-0.005296888780623425,-0.00363044629137675,-1.144088456280091
SIRI,2.0,0.0,-0.07651490051385025,-0.07651490051385025,-1.1681900183213318
VRTX,12.0,0.0,-0.014986959626149036,-0.0180668658245706,-1.2275262533484637
ELAN,11.0,0.18181818181818182,-0.012323073392855438,-0.0163621095080421,-1.2804021361821667
UCTT,3.0,0.0,-0.0511712548287079,-0.0297244462653298,-1.377535387739386
MCO,10.0,0.1,-0.01611278444583385,-0.01706832741350735,-1.4624971150050567
KMI,6.0,0.0,-0.012348016795704733,-0.0150036370432713,-1.4945730404519384
NI,2.0,0.0,-0.0097548761232539,-0.0097548761232539,-1.5131842362247943
MSCI,7.0,0.14285714285714285,-0.0228162912171804,-0.0333980005332147,-1.537695768628371
KKR,7.0,0.14285714285714285,-0.04534794609255106,-0.0620850939605181,-1.5814077508883546
AWK,2.0,0.0,-0.0192269620618312,-0.0192269620618312,-1.6525593738242936
LVS,3.0,0.0,-0.0395048860193441,-0.0530217714663537,-1.687382545852658
VTRS,2.0,0.0,-0.024192438260891798,-0.024192438260891798,-1.745647548194125
CNO,3.0,0.0,-0.007096438787863933,-0.0093682922457004,-1.8034309520838228
RGLD,5.0,0.0,-0.01628704549136854,-0.0155997521506433,-1.8229808302136064
CAG,8.0,0.0,-0.024985990303170648,-0.02586791821764515,-1.8237003003312595
SKY,2.0,0.0,-0.04565033055506515,-0.04565033055506515,-1.9555139744817054
WRB,4.0,0.0,-0.021758799914252475,-0.0270559733075811,-2.0538123163625324
SSNC,8.0,0.0,-0.010630436367374249,-0.0133103442714554,-2.0908576457388515
SPY,3.0,0.0,-0.011628573412536933,-0.0148012230774312,-2.116136573258639
AR,3.0,0.0,-0.06708714466215322,-0.0847422626585352,-2.1938556875006427
DECK,2.0,0.0,-0.0240459465238583,-0.0240459465238583,-2.1969545339012204
R,6.0,0.0,-0.030102240820383205,-0.0215569192973328,-2.2738656286247427
EIX,2.0,0.0,-0.042583642148535494,-0.042583642148535494,-2.3035753460744486
CSL,2.0,0.0,-0.02279856417532665,-0.02279856417532665,-2.318053556110207
MGY,3.0,0.0,-0.036022945177487165,-0.0271382356590416,-2.3408595466229776
FANG,3.0,0.0,-0.018110027932403367,-0.0138578355023026,-2.458926700444963
ET,2.0,0.0,-0.022136604451470553,-0.022136604451470553,-2.5404278980438693
USPH,2.0,0.0,-0.031993379228037896,-0.031993379228037896,-2.6246251867520174
RGEN,4.0,0.0,-0.024443268846968375,-0.0287121456156057,-2.8629625744351186
BAX,21.0,0.0,-0.03292318175966935,-0.0267482859645413,-3.125951561787279
BUSE,2.0,0.0,-0.012995084990417152,-0.012995084990417152,-3.1640811075896047
LBRDA,18.0,0.05555555555555555,-0.03909659094692401,-0.0409999830845421,-3.3689196127266596
MKC,3.0,0.0,-0.020378955209465668,-0.0211503922853365,-3.6477659775140148
SF,2.0,0.0,-0.03644964924590595,-0.03644964924590595,-3.959670710065098
NTDOY,2.0,0.0,-0.01382887172215485,-0.01382887172215485,-4.2101377316844335
INSM,2.0,0.0,-0.01823819232794465,-0.01823819232794465,-4.2296766411456055
TGT,27.0,0.0,-0.024854748970691752,-0.0286187041595417,-4.262881924832524
PATK,3.0,0.0,-0.0072620251500817995,-0.0063116012657932,-4.411433934448999
ETN,13.0,0.0,-0.01883663816390197,-0.0179014084507042,-4.652311910844937
LPX,3.0,0.0,-0.025202904833863834,-0.0224584103271044,-5.3018520730700285
EQH,3.0,0.0,-0.04030773912842733,-0.0440499931318748,-6.218627601115322
VICI,3.0,0.0,-0.013371233461699767,-0.01315810052666,-6.491418161812811
TRGP,5.0,0.0,-0.04381112000339526,-0.0465936528418201,-7.041400636511395
ING,2.0,0.0,-0.01506746543024025,-0.01506746543024025,-7.185506972611064
ENPH,3.0,0.0,-0.2083296969990048,-0.1924750033660358,-7.5863469472821645
GEN,3.0,0.0,-0.03473077086724437,-0.0367763339316184,-9.80259189198004
CTRA,3.0,0.0,-0.037774618339264536,-0.0356139871841266,-10.093895950193993
USB,3.0,0.0,-0.03596212195231136,-0.0344006199973251,-13.296647323108669
RS,3.0,0.0,-0.014926926710997435,-0.0155160623107378,-14.628321830434597
WAB,3.0,0.0,-0.021109844590557935,-0.0219321599928836,-14.82128927956402
IP,5.0,0.0,-0.023032115958791437,-0.023651044969424,-16.642094994668216
MKSI,27.0,0.0,-0.06752741246247382,-0.0675274124624738,-4774904145382563.0
KLAC,3.0,0.0,-0.050087501242058206,-0.0500875012420582,-5893774148690390.0
SGOV,9.0,0.0,-0.0004033062479086,-0.0004033062479086,
TD,5.0,1.0,0.0053919655719545,0.0053919655719545,
ASHTY,4.0,0.0,-0.0122571366170697,-0.0122571366170697,
BMI,4.0,0.0,-0.0262441330900529,-0.0262441330900529,
CYBR,4.0,1.0,0.0220936788904846,0.0220936788904846,
ELF,4.0,0.0,-0.0065601507796291,-0.0065601507796291,
FAST,4.0,0.0,-0.0062522326951275,-0.0062522326951275,
FRPT,4.0,0.0,-0.0240516106343254,-0.0240516106343254,
HIG,4.0,0.0,-0.0027018737018019,-0.0027018737018019,
NTTYY,4.0,0.0,-0.0248805749204429,-0.0248805749204429,
OLLI,4.0,1.0,0.0048626588952342,0.0048626588952342,
RRX,4.0,1.0,0.0424346141988321,0.0424346141988321,
BMO,3.0,1.0,0.0057023065746485,0.0057023065746485,
EC,3.0,1.0,0.0231657132666639,0.0231657132666639,
FCFS,3.0,0.0,-0.0126337171790843,-0.0126337171790843,
FCPT,3.0,1.0,0.0064597777455767,0.0064597777455767,
JBHT,3.0,0.0,-0.0586792388104018,-0.0586792388104018,
NTES,3.0,0.0,-0.005731136168575,-0.005731136168575,
ON,3.0,0.0,-0.0508763758643383,-0.0508763758643383,
PCVX,3.0,0.0,-0.0303632268337212,-0.0303632268337212,
ACI,2.0,1.0,0.0210936386763341,0.0210936386763341,
AEO,2.0,0.0,-0.0193673777216818,-0.0193673777216818,
AER,2.0,1.0,0.0034701740082455,0.0034701740082455,
ALKT,2.0,1.0,0.0793509093167489,0.0793509093167489,
ALV,2.0,1.0,0.0037790702680241,0.0037790702680241,
AMP,2.0,0.0,-0.0236730933556189,-0.0236730933556189,
ANGO,2.0,0.0,-0.0534589685516761,-0.0534589685516761,
AVNT,2.0,0.0,-0.0078965517241379,-0.0078965517241379,
AVTR,2.0,0.0,-0.008645289147784,-0.008645289147784,
AWI,2.0,1.0,0.0060135660082879,0.0060135660082879,
BEN,2.0,0.0,-0.025819460327062,-0.025819460327062,
BKH,2.0,0.0,-0.0130110642937157,-0.0130110642937157,
BTI,2.0,1.0,0.0125802548042814,0.0125802548042814,
BURL,2.0,0.0,-0.0124258967294898,-0.0124258967294898,
BWA,2.0,0.0,-0.0034213628582888,-0.0034213628582888,
CBU,2.0,0.0,-0.0229253609211258,-0.0229253609211258,
CDP,2.0,1.0,0.0061710565549056,0.0061710565549056,
CUZ,2.0,1.0,0.0054841607958096,0.0054841607958096,
DNUT,2.0,1.0,0.1653808370021713,0.1653808370021713,
EBAY,2.0,1.0,0.0136267393198935,0.0136267393198935,
ELS,2.0,1.0,0.0047965960240089,0.0047965960240089,
ENTG,2.0,1.0,0.0686303819897252,0.0686303819897252,
EQNR,2.0,0.0,-0.0251407585800055,-0.0251407585800055,
ESNT,2.0,0.0,-0.0095714431036086,-0.0095714431036086,
EVTC,2.0,1.0,0.0006198044576343,0.0006198044576343,
FDS,2.0,0.0,-0.0119986224645414,-0.0119986224645414,
FFIN,2.0,0.0,-0.022340596322256,-0.022340596322256,
FHB,2.0,0.0,-0.0240616275349251,-0.0240616275349251,
FIZZ,2.0,0.0,-0.019113534051966,-0.019113534051966,
FLO,2.0,0.0,-0.0073210764680435,-0.0073210764680435,
FNB,2.0,0.0,-0.011631649701522,-0.011631649701522,
GATX,2.0,1.0,0.0133156384083459,0.0133156384083459,
GFI,2.0,0.0,-0.0081138546261797,-0.0081138546261797,
GTLB,2.0,0.0,-0.0960255343049457,-0.0960255343049457,
GTY,2.0,1.0,0.0132197489446354,0.0132197489446354,
HRI,2.0,1.0,0.0311003524020776,0.0311003524020776,
HRL,2.0,0.0,-0.0002955104546087,-0.0002955104546087,
HUBS,2.0,1.0,0.0262613696335315,0.0262613696335315,
IBKR,2.0,0.0,-0.0227868245496938,-0.0227868245496938,
INFY,2.0,1.0,0.0111951687555817,0.0111951687555817,
INGR,2.0,0.0,-0.0025837579203,-0.0025837579203,
INVA,2.0,1.0,0.0170130965722279,0.0170130965722279,
JD,2.0,1.0,0.0028560067046489,0.0028560067046489,
JKHY,2.0,1.0,0.0078556943304811,0.0078556943304811,
KBH,2.0,0.0,-0.0096166855080712,-0.0096166855080712,
KRG,2.0,1.0,0.0325820566893534,0.0325820566893534,
LSTR,2.0,1.0,0.0082938308904974,0.0082938308904974,
LXP,2.0,1.0,0.0474848022460937,0.0474848022460937,
MIDD,2.0,0.0,-0.0148320859185445,-0.0148320859185445,
MNST,2.0,0.0,-0.0087530811267654,-0.0087530811267654,
MSGE,2.0,1.0,0.0264606353929242,0.0264606353929242,
MTB,2.0,0.0,-0.0325298659961058,-0.0325298659961058,
MTG,2.0,0.0,-0.0181797222766642,-0.0181797222766642,
MUR,2.0,0.0,-0.0450251892972252,-0.0450251892972252,
NBIX,2.0,1.0,0.008424566127137,0.008424566127137,
NGG,2.0,0.0,-0.0046495580380717,-0.0046495580380717,
NJR,2.0,0.0,-0.0111565712925052,-0.0111565712925052,
NOK,2.0,1.0,0.0013810069847564,0.0013810069847564,
NOV,2.0,1.0,0.0063170854627859,0.0063170854627859,
NTAP,2.0,0.0,-0.0030004457983732,-0.0030004457983732,
NWE,2.0,1.0,0.0412912008059602,0.0412912008059602,
ONTO,2.0,0.0,-0.0535701076879518,-0.0535701076879518,
PDBC,2.0,0.0,-0.0071633225367796,-0.0071633225367796,
PHI,2.0,0.0,-0.0018868537069469,-0.0018868537069469,
PK,2.0,0.0,-0.0018960778690471,-0.0018960778690471,
PRGS,2.0,0.0,-0.0029907134353117,-0.0029907134353117,
QYLD,2.0,0.0,-0.0034023428885965,-0.0034023428885965,
RJF,2.0,0.0,-0.0442425062090684,-0.0442425062090684,
SCI,2.0,1.0,0.0117712183485374,0.0117712183485374,
SIGI,2.0,0.0,-0.0146549219817498,-0.0146549219817498,
SKX,2.0,0.0,-0.0014832891931251,-0.0014832891931251,
SNN,2.0,1.0,0.0113524776055387,0.0113524776055387,
SNY,2.0,1.0,0.0113032830400627,0.0113032830400627,
STWD,2.0,1.0,0.0020105100363094,0.0020105100363094,
TEAM,2.0,0.0,-0.1364970753064519,-0.1364970753064519,
TFX,2.0,1.0,0.0230567298106246,0.0230567298106246,
TKR,2.0,0.0,-0.0059185202214005,-0.0059185202214005,
TNL,2.0,0.0,-0.0095245976682569,-0.0095245976682569,
TRMB,2.0,0.0,-0.0073166333764173,-0.0073166333764173,
TRN,2.0,0.0,-0.0002882399468983,-0.0002882399468983,
TTE,2.0,0.0,-0.0022820805945254,-0.0022820805945254,
TXRH,2.0,1.0,0.0131828005601018,0.0131828005601018,
TZA,2.0,0.0,-0.0112612507100291,-0.0112612507100291,
UBSI,2.0,0.0,-0.017653477071684,-0.017653477071684,
UNM,2.0,0.0,-0.0281754491185857,-0.0281754491185857,
VNT,2.0,0.0,-0.0063600452820835,-0.0063600452820835,
VOYA,2.0,0.0,-0.010066670735677,-0.010066670735677,
VRE,2.0,1.0,0.0217111207493808,0.0217111207493808,
WAL,2.0,0.0,-0.0260712989369976,-0.0260712989369976,
WDFC,2.0,0.0,-0.0149987909803145,-0.0149987909803145,
WMS,2.0,1.0,0.0234856363307962,0.0234856363307962,
WPC,2.0,1.0,0.0026736240171885,0.0026736240171885,
AA,1.0,0.0,-0.0891226135304828,-0.0891226135304828,
ABCB,1.0,0.0,-0.0304443066260635,-0.0304443066260635,
ABG,1.0,0.0,-0.0336559979333609,-0.0336559979333609,
AEIS,1.0,0.0,-0.0244164315255421,-0.0244164315255421,
AEP,1.0,1.0,0.0062118038463096,0.0062118038463096,
AIZ,1.0,0.0,-0.0310989417602805,-0.0310989417602805,
ALC,1.0,1.0,0.0174782276982846,0.0174782276982846,
ALEX,1.0,1.0,0.0125427959045937,0.0125427959045937,
ALIZY,1.0,1.0,0.0122890478806398,0.0122890478806398,
ALLE,1.0,1.0,0.0024855338984983,0.0024855338984983,
ALLY,1.0,0.0,-0.031803350014721,-0.031803350014721,
ALNY,1.0,1.0,0.0292675627205584,0.0292675627205584,
AMED,1.0,0.0,-0.001,-0.001,
ANSS,1.0,0.0,-0.002684969559109,-0.002684969559109,
APPF,1.0,0.0,-0.0158025049382695,-0.0158025049382695,
ARIS,1.0,1.0,0.1692128000936214,0.1692128000936214,
ARLP,1.0,1.0,0.0063728608200992,0.0063728608200992,
ARM,1.0,1.0,0.0273895875817325,0.0273895875817325,
AS,1.0,1.0,0.0379435508479163,0.0379435508479163,
ATO,1.0,1.0,0.0166142493728502,0.0166142493728502,
ATR,1.0,1.0,0.0078898216400198,0.0078898216400198,
ATRC,1.0,0.0,-0.0565392505708665,-0.0565392505708665,
AXTA,1.0,0.0,-0.015098370661501,-0.015098370661501,
BCO,1.0,0.0,-0.0080826690787427,-0.0080826690787427,
BCPC,1.0,1.0,0.0032556145375911,0.0032556145375911,
BDRFY,1.0,0.0,-0.0409273504385932,-0.0409273504385932,
BE,1.0,0.0,-0.0662787268789307,-0.0662787268789307,
BILL,1.0,1.0,0.0379544911132607,0.0379544911132607,
BLBD,1.0,0.0,-0.028529777250818,-0.028529777250818,
BLDP,1.0,1.0,0.0533478380585886,0.0533478380585886,
BOOT,1.0,0.0,-0.0147596396254614,-0.0147596396254614,
BWIN,1.0,1.0,0.0030679149370908,0.0030679149370908,
BWXT,1.0,0.0,-0.051085991364837,-0.051085991364837,
CASY,1.0,0.0,-5.613695801384667e-05,-5.613695801384667e-05,
CATY,1.0,0.0,-0.0263165168193738,-0.0263165168193738,
CBZ,1.0,0.0,-0.0114095618955382,-0.0114095618955382,
CCK,1.0,1.0,0.012192362582825,0.012192362582825,
CENT,1.0,1.0,0.0116760778292803,0.0116760778292803,
CF,1.0,1.0,0.0532464161370114,0.0532464161370114,
CGEMY,1.0,0.0,-0.0597725112966502,-0.0597725112966502,
CHDN,1.0,1.0,0.0151558951361245,0.0151558951361245,
CHGCY,1.0,1.0,0.0086525097946772,0.0086525097946772,
CIEN,1.0,0.0,-0.0248619500778879,-0.0248619500778879,
CLH,1.0,0.0,-0.0065087897519738,-0.0065087897519738,
CLNE,1.0,1.0,0.042478323967111,0.042478323967111,
COHR,1.0,0.0,-0.0392465519317208,-0.0392465519317208,
CRCL,1.0,1.0,0.1156443259792944,0.1156443259792944,
CVNA,1.0,0.0,-0.0670996540432315,-0.0670996540432315,
CWST,1.0,0.0,-0.0224570971937339,-0.0224570971937339,
CXDO,1.0,0.0,-0.0111694816626616,-0.0111694816626616,
CZR,1.0,0.0,-0.0851274873568423,-0.0851274873568423,
DASTY,1.0,1.0,0.0053744449944993,0.0053744449944993,
DAVA,1.0,0.0,-0.0777867789309744,-0.0777867789309744,
DBSDY,1.0,0.0,-0.0220955164866724,-0.0220955164866724,
DBX,1.0,1.0,0.0147989417605313,0.0147989417605313,
DKS,1.0,1.0,0.0207303986419519,0.0207303986419519,
DLB,1.0,1.0,0.015528989020082,0.015528989020082,
DOCU,1.0,1.0,0.0244628824782992,0.0244628824782992,
DOX,1.0,1.0,0.0137525576695888,0.0137525576695888,
DPZ,1.0,1.0,0.0252673546996869,0.0252673546996869,
DSGX,1.0,1.0,0.0142013433811559,0.0142013433811559,
DVA,1.0,1.0,0.0050241504087095,0.0050241504087095,
DXC,1.0,1.0,0.056471240568307,0.056471240568307,
ED,1.0,0.0,-0.0092200210120045,-0.0092200210120045,
EFC,1.0,1.0,0.0081602963408172,0.0081602963408172,
EHC,1.0,1.0,0.0168333282470703,0.0168333282470703,
EME,1.0,0.0,-0.0053460834998974,-0.0053460834998974,
ENGIY,1.0,1.0,0.0315791538880783,0.0315791538880783,
ENLAY,1.0,1.0,0.0022966738146824,0.0022966738146824,
EPAC,1.0,0.0,-0.0468370173121876,-0.0468370173121876,
ERIE,1.0,1.0,0.0194354264924666,0.0194354264924666,
ESS,1.0,0.0,-0.009127871701625,-0.009127871701625,
EVRG,1.0,0.0,-0.013229674235678,-0.013229674235678,
EXC,1.0,1.0,0.0019141687141126,0.0019141687141126,
EXPD,1.0,0.0,-0.018457407821702,-0.018457407821702,
EXPE,1.0,1.0,0.0714293558192288,0.0714293558192288,
EXPO,1.0,1.0,0.0120169367386122,0.0120169367386122,
FIVE,1.0,1.0,0.0538762367902023,0.0538762367902023,
FLY,1.0,0.0,-0.276,-0.276,
FMAO,1.0,0.0,-0.0132156280949724,-0.0132156280949724,
FOXA,1.0,1.0,0.0322896715664871,0.0322896715664871,
FR,1.0,1.0,0.0405894681996246,0.0405894681996246,
FRO,1.0,1.0,0.0571395323048289,0.0571395323048289,
FRT,1.0,1.0,0.0306587579946358,0.0306587579946358,
FTRE,1.0,0.0,-0.1884999689559132,-0.1884999689559132,
FWRG,1.0,0.0,-0.0230125431567628,-0.0230125431567628,
GEVO,1.0,1.0,0.486603219478285,0.486603219478285,
GGG,1.0,1.0,0.008601869791252,0.008601869791252,
GIGB,1.0,1.0,0.0013850956829817,0.0013850956829817,
GME,1.0,0.0,-0.006231073951164,-0.006231073951164,
GPI,1.0,1.0,0.0011029600598367,0.0011029600598367,
GRMN,1.0,1.0,0.0416013754154718,0.0416013754154718,
GTLS,1.0,1.0,0.0275080821227527,0.0275080821227527,
H,1.0,0.0,-0.0268122282429545,-0.0268122282429545,
HACK,1.0,0.0,-0.0008761983597133,-0.0008761983597133,
HEI,1.0,1.0,0.0430856563387983,0.0430856563387983,
HI,1.0,1.0,0.0250736320453301,0.0250736320453301,
HMC,1.0,1.0,0.0157313277015167,0.0157313277015167,
HNI,1.0,1.0,0.0252938686222032,0.0252938686222032,
HTGC,1.0,1.0,0.0170180006024901,0.0170180006024901,
HYBB,1.0,0.0,-0.0048969541140383,-0.0048969541140383,
IBN,1.0,1.0,0.0066616607973172,0.0066616607973172,
IBP,1.0,1.0,0.0612154779969651,0.0612154779969651,
ICHR,1.0,1.0,0.0135946193385768,0.0135946193385768,
ICUI,1.0,0.0,-0.0268097438694578,-0.0268097438694578,
IEI,1.0,0.0,-0.0040578493169673,-0.0040578493169673,
IEX,1.0,0.0,-0.0450679281876982,-0.0450679281876982,
IFNNY,1.0,0.0,-0.0335925850573881,-0.0335925850573881,
IJR,1.0,1.0,0.0210719305642699,0.0210719305642699,
INTR,1.0,0.0,-0.0224285850524902,-0.0224285850524902,
IPG,1.0,0.0,-0.0451001433050055,-0.0451001433050055,
IRM,1.0,1.0,0.0182735704809076,0.0182735704809076,
ITT,1.0,0.0,-0.0004629008164126,-0.0004629008164126,
IUSG,1.0,1.0,0.0518762090773809,0.0518762090773809,
IWM,1.0,1.0,0.0324204866419823,0.0324204866419823,
JBL,1.0,0.0,-0.0076783019404026,-0.0076783019404026,
KNSL,1.0,0.0,-0.0085775641490059,-0.0085775641490059,
KPLT,1.0,1.0,0.0892882817017833,0.0892882817017833,
LAD,1.0,0.0,-0.0107758900633129,-0.0107758900633129,
LAZ,1.0,0.0,-0.0829462171626913,-0.0829462171626913,
LAZR,1.0,0.0,-0.0323588563616891,-0.0323588563616891,
LDOS,1.0,0.0,-0.0417470023094954,-0.0417470023094954,
LGIH,1.0,0.0,-0.0085047319357041,-0.0085047319357041,
LI,1.0,0.0,-0.0142559943212525,-0.0142559943212525,
LRLCY,1.0,1.0,0.0209701055270522,0.0209701055270522,
LUV,1.0,0.0,-0.0244668342141592,-0.0244668342141592,
LYG,1.0,0.0,-0.0184672325412006,-0.0184672325412006,
LYV,1.0,0.0,-0.0093082032335767,-0.0093082032335767,
MAS,1.0,0.0,-0.0685394351841973,-0.0685394351841973,
MDYG,1.0,0.0,-0.023092335736154,-0.023092335736154,
MDYV,1.0,0.0,-0.0275936688545559,-0.0275936688545559,
MEDP,1.0,1.0,0.0015163860351067,0.0015163860351067,
MFC,1.0,0.0,-0.0280439850199953,-0.0280439850199953,
MGA,1.0,0.0,-0.0075287778761661,-0.0075287778761661,
MGM,1.0,0.0,-0.0893977627837285,-0.0893977627837285,
MHK,1.0,0.0,-0.0052069568167533,-0.0052069568167533,
MIR,1.0,1.0,0.0747425109658378,0.0747425109658378,
MMSI,1.0,1.0,0.0163943240727248,0.0163943240727248,
MODG,1.0,1.0,0.0492793093692909,0.0492793093692909,
MORN,1.0,1.0,0.005649917886298,0.005649917886298,
MOS,1.0,1.0,0.013488554746988,0.013488554746988,
MSA,1.0,0.0,-0.00802499635351,-0.00802499635351,
MSI,1.0,0.0,-0.0139261297702576,-0.0139261297702576,
MT,1.0,1.0,0.0071799235478044,0.0071799235478044,
MTSI,1.0,0.0,-0.0109381003541304,-0.0109381003541304,
MTX,1.0,0.0,-0.0884143940644001,-0.0884143940644001,
MTZ,1.0,0.0,-0.019316273426425,-0.019316273426425,
NEO,1.0,0.0,-0.0361562483022765,-0.0361562483022765,
NGD,1.0,0.0,-0.0319278553230807,-0.0319278553230807,
NICE,1.0,1.0,0.0554318129613709,0.0554318129613709,
NLY,1.0,1.0,0.0176045837677438,0.0176045837677438,
NNN,1.0,1.0,0.0091941301254322,0.0091941301254322,
NOG,1.0,0.0,-0.0694655967846542,-0.0694655967846542,
NOVT,1.0,1.0,0.0121512183651395,0.0121512183651395,
NRG,1.0,0.0,-0.0102526106577873,-0.0102526106577873,
NSIT,1.0,0.0,-0.0080752730916314,-0.0080752730916314,
NTRA,1.0,1.0,0.0006890147223205,0.0006890147223205,
NYT,1.0,0.0,-0.0076567070205221,-0.0076567070205221,
OGE,1.0,0.0,-0.0068243352394286,-0.0068243352394286,
OKE,1.0,1.0,0.0145312357689436,0.0145312357689436,
OPEN,1.0,1.0,0.6785580430707787,0.6785580430707787,
ORI,1.0,1.0,0.0039672843584048,0.0039672843584048,
OVV,1.0,0.0,-0.0329095598519782,-0.0329095598519782,
PECO,1.0,1.0,0.0054877977497223,0.0054877977497223,
PEN,1.0,0.0,-0.0010789995749328,-0.0010789995749328,
PII,1.0,0.0,-0.0455569517240242,-0.0455569517240242,
PKG,1.0,0.0,-0.0192314989088438,-0.0192314989088438,
PLUG,1.0,0.0,-0.0491927260931689,-0.0491927260931689,
PNR,1.0,0.0,-0.0157310975227677,-0.0157310975227677,
POOL,1.0,0.0,-0.036567858152108,-0.036567858152108,
PPBI,1.0,0.0,-0.0108566001954519,-0.0108566001954519,
PPL,1.0,1.0,0.0442010839249081,0.0442010839249081,
PRI,1.0,1.0,0.0185969214778098,0.0185969214778098,
PSTG,1.0,0.0,-0.0093188827710489,-0.0093188827710489,
QQQM,1.0,1.0,0.0003167846611364,0.0003167846611364,
QRVO,1.0,0.0,-0.0314497318728001,-0.0314497318728001,
RBA,1.0,0.0,-0.0266149638114979,-0.0266149638114979,
RBLX,1.0,0.0,-0.0144286063058035,-0.0144286063058035,
RCI,1.0,1.0,0.0084512616006632,0.0084512616006632,
REGL,1.0,0.0,-0.017295047614543,-0.017295047614543,
RHI,1.0,0.0,-0.0415404924977024,-0.0415404924977024,
RNMBY,1.0,0.0,-0.0645001660576291,-0.0645001660576291,
RPM,1.0,1.0,0.0112196170865674,0.0112196170865674,
RRC,1.0,0.0,-0.0511158609297539,-0.0511158609297539,
RSNHF,1.0,0.0,-0.001,-0.001,
RUSHA,1.0,1.0,0.0086040348759928,0.0086040348759928,
SDY,1.0,0.0,-0.016953938044515,-0.016953938044515,
SGI,1.0,1.0,0.0191830347010739,0.0191830347010739,
SHY,1.0,0.0,-0.0008785853779564,-0.0008785853779564,
SLGN,1.0,0.0,-0.0022731847109319,-0.0022731847109319,
SLYG,1.0,0.0,-0.0222986237752871,-0.0222986237752871,
SLYV,1.0,0.0,-0.0350291250797925,-0.0350291250797925,
SMNNY,1.0,1.0,0.0095045274486495,0.0095045274486495,
SO,1.0,1.0,0.0182505117186681,0.0182505117186681,
SOLV,1.0,0.0,-0.0037449484843096,-0.0037449484843096,
SONO,1.0,1.0,0.1182306831743611,0.1182306831743611,
SOUN,1.0,1.0,0.2558389899168506,0.2558389899168506,
SPB,1.0,0.0,-0.1291328003436203,-0.1291328003436203,
SPCE,1.0,1.0,0.0060175374020204,0.0060175374020204,
SPD,1.0,0.0,-0.0156175783855388,-0.0156175783855388,
SPHY,1.0,0.0,-0.0069650359499063,-0.0069650359499063,
SPXC,1.0,0.0,-0.0336059071058192,-0.0336059071058192,
SPYG,1.0,0.0,-0.0152539684319793,-0.0152539684319793,
SPYV,1.0,0.0,-0.0160803062486099,-0.0160803062486099,
SR,1.0,0.0,-0.0119847515872372,-0.0119847515872372,
SRPT,1.0,0.0,-0.0417943293488549,-0.0417943293488549,
SSD,1.0,0.0,-0.0494670337889586,-0.0494670337889586,
SSMXY,1.0,1.0,0.0086153757981291,0.0086153757981291,
STE,1.0,0.0,-0.0411161764490518,-0.0411161764490518,
STLD,1.0,0.0,-0.0302227471818283,-0.0302227471818283,
STM,1.0,0.0,-0.0218333536901104,-0.0218333536901104,
STRL,1.0,0.0,-0.0176154281285251,-0.0176154281285251,
SWKS,1.0,0.0,-0.0275633398086782,-0.0275633398086782,
TAP,1.0,1.0,0.0138016583205574,0.0138016583205574,
TBPH,1.0,1.0,0.092684246665553,0.092684246665553,
TCEHY,1.0,0.0,-0.0029846908918773,-0.0029846908918773,
TCOM,1.0,1.0,0.0384230612871448,0.0384230612871448,
TDY,1.0,1.0,0.0153290636891269,0.0153290636891269,
TEM,1.0,0.0,-0.000357765398168,-0.000357765398168,
THC,1.0,1.0,0.0318962528943318,0.0318962528943318,
THG,1.0,0.0,-0.006677834473753,-0.006677834473753,
THR,1.0,0.0,-0.0494508670389412,-0.0494508670389412,
TLH,1.0,0.0,-0.0237977075352036,-0.0237977075352036,
TME,1.0,1.0,0.1683048921786824,0.1683048921786824,
TMHC,1.0,0.0,-0.0030310371250342,-0.0030310371250342,
TPH,1.0,0.0,-0.0609179966378693,-0.0609179966378693,
TRS,1.0,1.0,0.0008787696786588,0.0008787696786588,
TSN,1.0,0.0,-0.0196642347536012,-0.0196642347536012,
TTAN,1.0,1.0,0.0117574407976283,0.0117574407976283,
TTNDY,1.0,0.0,-0.0127039642518866,-0.0127039642518866,
TU,1.0,0.0,-0.0088835150134017,-0.0088835150134017,
TWLO,1.0,1.0,0.0146003400797642,0.0146003400797642,
UAL,1.0,0.0,-0.010771986970684,-0.010771986970684,
UE,1.0,1.0,0.0376398766561554,0.0376398766561554,
UFPI,1.0,0.0,-0.0352066142587988,-0.0352066142587988,
UMBF,1.0,0.0,-0.0420328896392679,-0.0420328896392679,
UNICY,1.0,0.0,-0.0826831502034702,-0.0826831502034702,
URA,1.0,1.0,0.0157558372009559,0.0157558372009559,
UTZ,1.0,0.0,-0.0610428996662344,-0.0610428996662344,
UVSP,1.0,0.0,-0.0095808029069252,-0.0095808029069252,
VALE,1.0,0.0,-0.0211816157764487,-0.0211816157764487,
VCYT,1.0,0.0,-0.1315473582516949,-0.1315473582516949,
VEA,1.0,1.0,0.003656360707665,0.003656360707665,
VFC,1.0,0.0,-0.0613328627570076,-0.0613328627570076,
VOO,1.0,1.0,0.0385927324059288,0.0385927324059288,
VSAT,1.0,1.0,0.351902001087405,0.351902001087405,
VTEB,1.0,0.0,-0.0012045426568172,-0.0012045426568172,
VTR,1.0,0.0,-0.009630836191008,-0.009630836191008,
VTS,1.0,0.0,-0.0580497748022932,-0.0580497748022932,
VTV,1.0,1.0,0.0276639418131003,0.0276639418131003,
VVV,1.0,1.0,0.0376458076558388,0.0376458076558388,
VXUS,1.0,0.0,-0.0028181434044471,-0.0028181434044471,
WBA,1.0,1.0,0.0034682924584301,0.0034682924584301,
WBS,1.0,1.0,0.0713056011431254,0.0713056011431254,
WELL,1.0,1.0,0.0020666921411259,0.0020666921411259,
WEX,1.0,1.0,0.0620470411108893,0.0620470411108893,
WHR,1.0,0.0,-0.0024492447919811,-0.0024492447919811,
WSO,1.0,1.0,0.0023284634303423,0.0023284634303423,
WTRG,1.0,0.0,-0.0048480685721689,-0.0048480685721689,
XLP,1.0,0.0,-1.4998401227616675e-05,-1.4998401227616675e-05,
XMHQ,1.0,0.0,-0.0261438745275445,-0.0261438745275445,
XPO,1.0,1.0,0.0177567670811328,0.0177567670811328,
ZROZ,1.0,0.0,-0.0511747847163859,-0.0511747847163859,
